id_site,cluster
200000071,1
200000082,2
200000083,2
200000084,2
200000085,0
200000086,2
200000087,2
200000088,0
200000089,1
200000091,2
200000092,2
200000094,2
200000095,0
200000098,1
200000099,2
200000100,0
200000101,0
200000102,2
200000103,0
200000104,2
200000105,2
200000106,2
200000114,2
200000157,0
200000161,1
200000162,2
200000164,3
200000165,2
200000166,2
200000167,1
200000168,0
200000169,2
200000170,2
200000171,2
200000173,0
200000175,0
200000176,0
200000177,0
200000178,2
200000180,0
200000181,0
200000182,0
200000186,0
200000187,0
200000188,0
200000194,0
200000195,1
200000196,2
200000198,0
200000199,0
200000200,0
200000201,2
200000202,0
200000203,0
200000204,0
200000223,0
200000224,1
200000225,2
200000226,0
200000227,2
200000231,2
200000238,2
200000241,2
200000242,2
200000243,1
200000245,0
200000248,0
200000249,0
200000250,2
200000251,2
200000252,0
200000253,0
200000255,0
200000256,0
200000257,0
200000258,0
200000261,0
200000262,2
200000263,0
200000264,2
200000268,1
200000270,1
200000271,1
200000272,2
200000275,2
200000276,0
200000277,0
200000278,0
200000279,2
200000280,0
200000282,2
200000283,0
200000284,0
200000286,2
200000288,0
200000292,2
200000293,2
200000294,0
200000295,0
200000296,0
200000297,2
200000298,2
200000299,1
200000303,1
200000305,1
200000307,1
200000308,0
200000309,2
200000310,2
200000311,0
200000312,2
200000313,0
200000314,2
200000315,2
200000317,0
200000318,1
200000319,1
200000320,0
200000321,0
200000322,0
200000323,2
200000324,1
200000325,1
200000326,1
200000351,0
200000353,2
200000356,2
200000357,1
200000358,0
200000359,0
200000360,1
200000361,2
200000375,2
200000376,0
200000377,1
200000378,0
200000380,0
200000382,0
200000384,0
200000386,2
200000389,2
200000390,2
200000391,2
200000394,2
200000396,0
200000397,2
200000398,0
200000399,2
200000400,0
200000401,0
200000408,0
200000412,2
200000413,2
200000414,2
200000415,1
200000417,1
200000419,1
200000420,2
200000421,2
200000422,2
200000424,2
200000425,2
200000427,2
200000432,2
200000433,3
200000442,2
200000445,0
200000446,1
200000447,2
200000451,1
200000452,1
200000456,2
200000457,2
200000460,2
200000461,1
200000462,2
200000463,2
200000464,2
200000465,0
200000466,0
200000467,0
200000471,0
200000472,2
200000476,1
200000480,1
200000490,0
200000491,2
200000492,0
200000493,1
200000505,0
200000508,2
200000509,1
200000510,2
200000515,2
200000516,0
200000518,1
200000519,0
200000520,0
200000521,2
200000523,2
200000525,0
200000526,0
200000527,2
200000531,2
200000532,2
200000533,1
200000534,2
200000535,3
200000536,2
200000538,2
200000598,2
200000605,1
200000606,1
200000607,2
200000608,1
200000609,1
200000611,2
200000612,0
200000613,2
200000614,0
200000615,2
200000616,2
200000617,2
200000618,2
200000619,1
200000620,1
200000621,1
200000622,2
200000623,2
200000624,1
200000625,2
200000626,3
200000627,1
200000628,2
200000629,1
200000630,3
200000631,1
200000632,1
200000633,3
200000634,2
200000635,3
200000636,1
200000637,2
200000638,2
200000639,2
200000640,3
200000641,1
200000642,1
200000643,2
200000644,1
200000645,1
200000646,2
200000647,3
200000648,2
200000649,1
200000650,2
200000651,2
200000653,0
200000654,2
200000655,2
200000656,0
200000657,0
200000658,2
200000659,2
200000675,1
200000676,1
200000677,0
200000679,2
200000680,0
200000681,1
200000682,0
200000683,0
200000684,0
200000686,2
200000687,0
200000688,2
200000689,2
200000691,0
200000692,0
200000693,0
200000694,2
200000695,0
200000696,2
200000697,0
200000698,3
200000699,3
200000703,2
200000704,1
200000705,0
200000707,2
200000708,2
200000709,0
200000710,1
200000711,1
200000712,2
200000713,2
200000714,0
200000715,0
200000768,2
200000769,2
200000770,0
200000771,0
200000772,0
200000773,0
200000774,2
200000775,2
200000779,0
200000782,0
200000783,0
200000784,2
200000785,2
200000786,2
200000787,2
200000788,0
200000789,0
200000790,0
200000791,0
200000792,2
200000794,2
200000795,0
200000796,0
200000797,0
200000798,2
200000799,0
200000800,0
200000801,2
200000802,0
200000803,0
200000804,2
200000805,0
200000806,0
200000807,0
200000808,1
200000809,2
200000810,0
200000811,0
200000812,0
200000813,2
200000814,2
200000815,0
200000816,2
200000817,3
200000818,0
200000820,2
200000821,2
200000822,2
200000823,2
200000824,0
200000825,2
200000826,0
200000827,0
200000828,0
200000829,2
200000830,1
200000831,0
200000832,0
200000833,2
200000834,3
200000836,1
200000837,2
200000839,0
200000841,2
200000842,2
200000843,2
200000844,2
200000845,2
200000846,0
200000847,1
200000849,1
200000850,2
200000851,2
200000854,2
200000856,2
200000857,2
200000859,2
200000861,0
200000863,0
200000864,2
200000866,0
200000867,2
200000868,0
200000870,2
200000871,0
200000872,0
200000873,0
200000874,0
200000875,1
200000877,2
200000878,0
200000879,1
200000880,2
200000881,0
200000882,1
200000883,2
200000884,0
200000885,0
200000886,2
200000887,0
200000888,0
200000891,0
200000892,0
200000893,0
200000894,1
200000896,0
200000897,2
200000898,0
200000899,0
200000901,0
200000902,0
200000903,2
200000904,2
200000906,3
200000907,1
200000908,1
200000909,0
200000910,3
200000913,1
200000914,1
200000915,0
200000916,2
200000922,0
200000923,0
200000924,0
200000926,0
200000927,2
200000928,0
200000930,2
200000931,2
200000932,0
200000934,0
200000935,2
200000938,1
200000939,2
200000940,0
200000941,2
200000942,2
200000943,0
200000944,0
200000945,0
200000946,2
200000948,1
200000949,2
200000951,2
200000952,2
200000966,0
200000968,0
200000972,2
200000973,2
200000974,2
200000975,0
200000976,2
200000977,1
200000978,2
200000979,1
200000980,0
200000981,2
200000982,2
200000985,2
200000986,1
200000987,1
200000988,1
200000989,1
200000990,2
200000992,2
200000995,2
200000996,0
200000997,2
200000998,2
200001000,0
200001001,2
200001002,0
200001003,2
200001004,2
200001005,0
200001006,0
200001007,2
200001008,0
200001009,2
200001012,2
200001014,2
200001015,0
200001016,3
200001017,3
200001018,2
200001019,3
200001020,1
200001021,2
200001022,2
200001023,3
200001024,2
200001025,2
200001026,2
200001029,2
200001030,2
200001031,1
200001032,2
200001033,0
200001034,2
200001035,2
200001036,2
200001045,2
200001046,2
200001050,1
200001051,2
200001052,3
200001053,2
200001054,2
200001056,2
200001057,0
200001058,2
200003098,3
200007049,3
200036718,3
200036719,3
200041488,3
200042374,3
200044493,3
200044494,3
200044495,3
200044506,3
200045818,3
200047533,3
200047534,3
200047535,3
200047536,3
200047538,3
200047539,3
200047540,3
200047541,3
200047542,3
200047544,3
200047545,3
200047546,3
200047547,3
200047548,3
200047549,3
200047550,3
200047551,3
200049407,3
200049408,3
200049673,0
200049674,0
200049676,2
200049677,2
200049678,2
200049679,2
200049680,0
200049682,2
200049683,2
200049684,0
200049685,2
200049686,0
200049689,0
200049690,2
200049691,1
200049692,2
200049694,3
200049695,3
200049696,2
200049697,3
200049698,2
200049699,3
200049700,1
200049701,1
200049702,3
200049703,2
200049707,1
200049708,1
200049709,1
200049710,3
200049711,3
200049712,3
200049713,2
200049714,3
200049715,3
200049716,3
200049717,3
200049718,1
200049719,3
200049720,1
200049721,3
200049722,2
200049723,3
200049724,2
200049725,3
200049726,3
200049727,3
200049728,2
200049729,2
200049733,2
200049734,2
200049735,2
200049736,2
200049738,0
200049743,2
200049745,0
200049746,0
200049747,2
200049748,0
200049749,2
200049750,0
200049751,0
200049752,0
200049753,0
200049754,2
200049763,3
200049764,3
200049765,2
200049766,1
200049767,1
200049768,1
200049769,0
200049770,0
200049771,2
200049772,1
200049773,0
200049774,2
200049775,2
200049776,2
200049777,0
200049778,0
200049779,2
200049781,1
200049782,0
200049783,2
200049785,1
200049786,0
200049787,0
200049789,0
200049790,1
200049791,2
200049792,0
200049793,0
200049794,2
200049795,0
200049796,2
200049797,2
200049798,0
200049799,0
200049800,0
200049801,0
200049803,2
200049805,0
200049806,2
200049807,0
200049808,2
200049809,2
200049810,0
200049811,3
200049812,2
200049813,2
200049814,0
200049817,0
200049818,0
200049819,0
200049820,2
200049822,2
200049823,2
200049825,0
200049826,0
200049827,0
200049828,0
200049829,2
200049830,1
200049833,2
200049834,2
200049836,2
200049837,2
200049838,2
200049839,2
200049840,2
200049841,2
200049843,3
200049844,3
200049845,3
200049846,2
200049849,1
200050132,3
200050719,3
200056038,1
200056039,3
200056040,3
200056041,3
200056042,3
200056044,3
200056045,3
200056046,3
200056047,3
200056223,3
200056226,3
200056327,3
200056329,3
200056330,3
200056331,3
200056332,3
200056334,3
200056335,3
200056336,3
200057329,3
200057380,3
200057445,3
200057447,2
200057448,0
200057449,2
200057450,2
200057451,2
200057452,1
200057456,0
200057457,0
200057458,2
200057459,2
200057460,0
200057461,2
200057463,0
200057464,2
200057465,0
200057466,2
200057467,0
200057469,1
200057470,2
200057472,2
200057473,1
200057474,2
200057475,2
200057476,3
200057477,3
200057478,2
200057479,2
200057480,2
200057481,3
200057482,2
200057483,2
200057484,2
200057485,1
200057486,2
200057487,2
200057489,2
200057494,2
200057495,0
200057497,2
200057504,0
200057505,2
200057507,0
200100192,0
200100193,0
300014585,3
300014589,1
300014590,3
300014591,1
300014592,1
300014607,1
300014623,3
300014648,0
300014652,2
300014769,2
300014836,3
300014841,2
300014960,1
300014961,2
300014962,0
300014963,2
300014964,2
300014965,1
300015003,2
300015004,2
300015005,2
300015018,0
300015065,3
300015066,3
300015067,1
300015128,3
300015208,2
300015210,1
300015211,1
300015212,1
300015216,2
300015218,0
300015219,2
300015220,3
300015221,0
300015234,0
300015235,2
300015275,2
300015304,2
300015305,1
300015323,0
300015324,2
300015326,0
300015336,0
300015337,0
300015390,2
300015393,2
300015399,2
300015400,2
300015401,0
300015402,2
300015404,0
300015405,3
300015406,0
300015419,0
300015531,3
300015580,2
300015581,2
300015582,2
300015685,2
300015692,0
300015694,0
300015700,2
300015701,2
300015702,0
300015703,2
300015712,0
300015713,2
300015714,0
300015776,3
300015781,0
300015782,1
300015783,2
300015819,2
300015820,2
300015821,2
300015836,3
300015837,3
300015840,3
300015841,3
300015842,3
300015923,0
300015924,0
300015930,2
300015931,1
300015932,0
300015933,0
300015934,1
300015935,0
300015941,2
300016017,1
300016087,3
300016088,3
300016089,1
300016090,3
300016113,1
300016128,3
300016129,2
300016130,2
300016140,3
300016141,2
300016152,1
300016189,2
300016190,2
300016191,1
300016221,1
300016223,0
300016225,2
300016226,2
300016228,2
300016229,1
300016230,1
300016231,1
300016232,2
300016233,0
300016241,0
300016276,2
300016299,3
300016300,1
300016301,3
300016302,2
300016303,3
300016304,1
300016305,2
300016306,2
300016307,3
300016308,2
300016309,3
300016310,2
300016311,2
300016312,2
300016313,3
300016314,3
300016315,3
300016316,3
300016317,3
300016320,3
300016321,2
300016332,1
300016341,1
300016348,2
300016358,2
300016385,3
300016386,1
300016387,3
300016388,3
300016389,3
300016390,3
300016391,3
300016392,2
300016393,3
300016394,3
300016395,3
300016396,3
300016397,3
300016398,2
300016399,3
300016400,1
300016401,3
300016402,2
300016403,3
300016404,0
300016405,2
300016406,0
300016407,0
300016408,2
300016409,2
300016410,3
300016411,2
300016412,2
300016413,2
300016415,3
300016417,2
300016418,1
300016419,3
300016420,3
300016421,1
300016422,3
300016423,1
300016424,3
300016425,3
300016426,3
300016427,3
300016428,3
300016436,3
300016439,3
300016440,2
300016441,2
300016442,1
300016443,2
300016444,2
300016488,3
300016489,3
300016490,1
300016509,3
300016524,2
300016573,1
300016620,2
300016621,2
300016677,1
300017165,1
300017188,3
300017198,0
300017199,0
300017331,3
300017430,1
300017431,2
300017432,0
300017433,0
300017435,2
300017436,1
300017437,1
300017438,2
300017439,2
300017609,2
300017731,2
300017732,2
300017733,2
300017734,2
300017735,1
300017736,1
300017737,3
300017804,0
300017942,2
300018056,3
300018057,2
300018058,3
300018060,1
300018061,1
300018062,3
300018068,3
300018070,3
300018071,1
300018072,2
300018074,3
300018075,2
300018077,3
300018802,1
300018813,0
300018814,2
300018815,2
300018816,2
300018817,0
300018932,3
300018933,3
300018934,3
300018935,2
300019050,2
300019359,2
300019360,1
300019498,0
300019499,0
300019558,2
300019559,2
300019560,2
300019565,1
300019566,1
300019591,0
300019592,1
300019593,2
300019735,2
300019830,2
300019904,0
300019905,0
300019906,0
300019907,0
300020025,2
300020235,2
300020236,1
300020237,1
300020244,2
300020245,2
300020248,0
300020418,0
300020419,2
300020420,0
300020423,2
300020528,3
300020529,3
300020805,3
300020825,0
300020828,1
300020919,1
300020920,1
300020997,2
300020998,2
300021002,1
300021003,3
300021034,1
300021047,0
300021048,0
300021084,2
300021107,1
300021168,2
300021179,2
300021180,0
300021181,2
300021311,2
300021326,1
300021354,1
300021364,2
300021365,2
300021366,2
300021367,2
300021413,1
300021414,3
300021415,2
300021427,3
300021432,2
300021433,2
300021434,2
300021470,2
300021471,2
300021491,2
300021509,0
300021677,1
300021729,3
300021762,2
300021842,2
300021843,2
300021979,2
300022006,1
300022007,2
300022008,2
300022041,0
300022042,0
300022043,2
300022076,1
300022077,2
300022078,1
300022079,2
300022080,2
300022081,2
300022085,3
300022086,2
300022087,2
300022088,2
300022089,2
300022090,2
300022091,2
300022092,2
300022093,2
300022097,2
300022098,2
300022099,2
300022100,3
300022101,2
300022107,2
300022108,2
300022166,2
300022185,3
300022398,0
300022399,1
300022400,1
300022401,2
300022402,2
300022403,2
300022404,1
300022405,1
300022406,3
300022407,1
300022408,1
300022409,3
300022410,2
300022411,1
300022412,2
300022413,1
300022414,2
300022415,3
300022416,2
300022417,1
300022418,1
300022419,1
300022420,1
300022421,1
300022422,1
300022423,1
300022425,1
300022426,2
300022427,2
300022461,0
300022463,2
300022465,1
300022466,2
300022467,0
300022468,2
300022469,0
300022470,2
300022473,2
300022478,2
300022490,2
300022547,2
300022549,2
300022550,2
300022584,0
300022585,2
300022586,2
300022623,2
300022625,2
300022626,2
300022627,2
300022642,2
300022643,2
300022673,3
300022674,2
300022677,2
300022784,3
300022785,1
300022786,0
300022797,0
300022798,0
300022799,0
300022800,0
300022801,0
300022802,0
300022803,0
300022804,2
300022805,0
300022806,0
300022807,0
300022820,0
300022821,0
300022822,2
300022823,1
300022824,0
300022825,0
300022826,0
300022827,0
300022903,2
300022904,2
300023022,1
300023026,2
300023028,0
300023029,0
300023030,2
300023047,2
300023048,1
300023231,0
300023232,2
300023234,2
300023259,2
300023260,0
300023312,2
300023313,3
300023317,2
300023318,2
300023323,3
300023324,1
300023326,2
300023328,1
300023329,2
300023330,2
300023332,2
300023351,2
300023363,3
300023370,2
300023934,1
300023935,3
300023936,1
300023938,1
300023939,3
300023940,1
300023969,3
300024269,2
300024452,1
300024495,2
300024496,2
300025027,2
300025028,2
300025029,2
300025030,2
300025031,3
300025032,2
300025033,0
300025226,0
300025265,2
300025418,2
300025475,0
300025591,0
300025612,2
300025614,2
300025615,3
300025616,3
300025617,3
300025618,2
300025619,3
300025621,3
300025622,3
300025623,1
300025652,2
300025653,2
300026176,2
300027058,0
300027613,2
300027621,2
300028223,2
300028224,0
300028226,0
300028227,2
300028397,2
300028405,0
300028406,0
300028407,2
300028408,2
300028622,2
300028819,2
300028854,1
300028855,2
300028857,3
300028858,1
300028859,2
300028860,2
300029083,2
300029166,0
300029170,2
300029172,2
300029174,2
300029599,2
300029851,0
300029853,0
300029863,2
300029873,0
300029938,0
300029972,0
300029973,0
300029974,2
300030033,0
300030034,1
300030035,2
300030036,2
300030038,2
300030039,2
300030044,2
300030045,2
300030046,2
300030050,0
300030067,2
300030068,2
300030069,2
300030070,2
300030071,2
300030072,1
300030123,2
300030129,3
300030158,2
300030159,2
300030276,2
300030278,2
300030316,0
300030360,0
300030361,1
300030363,2
300030364,0
300030366,1
300030384,0
300030402,1
300030572,2
300030573,0
300030574,1
300030575,1
300030576,3
300030577,2
300030578,2
300030580,2
300030587,2
300030588,2
300030589,2
300030590,2
300030591,2
300030592,2
300030593,3
300030594,2
300030595,2
300030596,1
300030598,2
300030600,2
300030601,1
300030602,2
300030603,2
300030635,3
300030636,2
300030638,3
300030639,3
300030640,3
300030641,3
300030642,3
300030643,3
300030644,3
300030645,1
300030667,1
300030669,2
300030705,2
300030706,0
300030707,0
300030708,2
300030709,2
300030710,2
300030711,3
300030713,2
300030714,2
300030716,0
300030793,2
300030794,2
300030811,2
300030812,2
300030813,2
300030824,2
300030825,2
300030828,2
300030842,3
300030895,3
300030898,3
300031095,2
300031121,1
300031122,1
300031124,3
300031126,2
300031128,2
300031130,0
300031131,2
300031132,2
300031133,2
300031134,1
300031135,2
300031136,2
300031138,2
300031139,1
300031141,3
300031143,2
300031153,2
300031154,2
300031155,0
300031181,1
300031182,1
300031191,2
300031211,1
300031352,1
300031355,2
300031356,3
300031359,3
300031360,2
300031362,3
300031363,1
300031364,1
300031365,3
300031366,3
300031367,3
300031368,3
300031369,3
300031370,3
300031386,2
300031393,2
300031407,0
300031688,2
300031689,2
300031690,2
300031691,2
300031875,2
300031879,0
300031880,2
300031881,0
300032000,0
300032097,2
300032099,2
300032100,1
300032101,2
300032102,0
300032673,2
300032690,2
300032896,2
300032957,2
300032963,2
300032964,2
300032967,2
300032968,0
300032969,2
300033248,2
300033249,0
300033250,2
300033251,2
300033256,0
300033257,0
300033752,2
300033789,0
300033969,2
300033970,2
300034321,1
300034326,2
300034838,2
300034914,0
300034915,2
300034916,0
300034917,0
300035376,1
300035578,2
300035699,1
300035701,1
300035702,1
300035704,1
300035705,1
300035706,2
300035708,2
300035710,0
300035711,0
300035712,2
300036204,3
300036205,3
300036206,3
300036207,3
300036208,1
300036253,0
300036256,2
300036352,2
300036353,0
300036354,2
300036355,0
300036356,0
300036428,0
300036429,1
300036582,3
300036616,2
300036621,0
300036622,2
300036625,2
300036626,2
300036627,2
300036628,2
300036629,2
300036630,2
300036631,2
300036632,2
300036638,1
300036639,1
300036651,2
300036915,0
300036918,2
300036919,2
300036920,2
300036922,1
300036923,2
300036926,3
300036927,2
300036928,2
300036929,2
300036932,2
300036934,3
300036937,2
300036967,2
300036970,2
300036971,3
300036972,3
300036975,2
300036981,3
300036985,3
300036990,2
300036991,3
300036992,3
300036996,2
300037561,0
300037563,2
300037650,1
300037651,1
300037656,1
300037658,1
300037659,1
300037661,1
300037779,2
300037871,1
300037879,0
300037910,0
300037984,3
300037985,3
300037986,3
300038168,1
300038380,1
300038381,2
300038382,1
300038384,3
300038385,2
300038386,2
300038387,1
300038388,1
300038390,2
300038391,2
300038392,1
300038393,3
300038394,1
300038395,2
300038396,2
300038397,2
300038398,2
300038451,3
300038452,3
300038454,1
300038455,3
300038457,2
300038458,1
300038459,1
300038460,2
300038461,2
300038462,1
300038463,3
300038464,1
300038465,0
300038466,3
300038467,2
300038468,1
300038469,1
300038470,1
300038471,3
300038472,2
300038473,0
300038474,3
300038475,1
300038476,1
300038477,1
300038478,3
300038479,3
300038480,3
300038481,2
300038697,2
300038698,2
300038734,2
300038735,2
300038830,0
300039525,2
300039582,1
300039583,1
300039584,1
300039585,3
300039586,3
300039651,2
300039671,2
300039672,2
300039673,2
300039674,2
300039695,0
300039696,2
300039735,2
300039736,1
300039737,3
300039738,3
300039739,2
300039740,2
300039741,2
300039742,1
300039743,1
300039744,2
300039756,0
300039757,2
300039758,2
300039789,0
300039957,2
300040027,3
300040029,2
300040063,3
300040089,2
300040377,2
300040488,1
300040606,0
300040609,2
300040625,2
300040627,3
300040684,1
300040714,2
300040749,2
300040843,2
300040845,2
300040870,0
300040877,2
300040972,2
300040973,2
300041908,2
300041950,2
300041951,3
300041952,2
300041953,2
300041954,2
300041955,2
300041956,2
300041957,2
300041958,2
300041959,2
300041960,2
300041971,3
300042022,1
300042023,2
300042024,3
300042026,2
300042029,3
300042030,2
300042031,3
300042423,2
300042668,1
300043171,0
300043172,0
300043173,1
300043219,1
300043457,0
300043458,0
300043459,2
300043460,2
300043668,2
300043669,2
300043670,2
300043671,2
300043746,1
300043747,1
300043756,2
300043757,2
300044136,2
300046382,1
300046383,0
300046384,0
300046636,2
300046637,0
300046638,2
300046639,1
300046907,1
300046908,1
300046909,2
300047090,1
300047740,2
300047879,1
300047880,1
300048086,2
300048088,1
300048089,1
300048588,1
300048589,1
300048590,2
300048739,2
300048773,1
300048775,2
300048874,3
300048974,1
300048975,1
300049170,1
300049310,1
300049322,1
300049324,1
300049395,1
300049398,2
300049652,3
300049653,3
300049654,1
300049655,2
300049656,3
300049657,3
300049658,3
300049659,2
300049660,2
300049661,3
300049662,3
300050123,2
300050126,2
300050137,2
300050138,2
300050139,2
300050177,0
300050179,2
300050755,1
300051152,2
300051370,0
300051371,2
