Identifiant_Site,Nom_Site,cluster
200000082,Bouin éoliennes,2
200000083,Brétignolles Sur Mer,2
200000084,La Guérinière,2
200000085,La Tranche Sur Mer,3
200000086,Les Sables d'Olonne,2
200000087,Saint Hilaire De Riez,2
200000088,Saint Jean De Monts,2
200000089,Sainte Radegonde Des Noyers,2
200000091,Les Brouzils,3
200000092,Les Epesses,1
200000094,Mervent,3
200000095,Réaumur,3
200000099,Saint Germain De Prinçay,3
200000100,Maillezais,2
200000101,Triaize,3
200000102,Bois de Cené,3
200000103,Coëx,3
200000104,Froidfond,3
200000105,Aizenay,3
200000106,La Roche Sur Yon,3
200000114,GUER,3
200000157,St_Leger,2
200000162,Le Pellerin - Nantes,2
200000164,Malakoff_vers_Gare_Sud,1
200000165,Tortière_nord,1
200000166,Tortière_sud,1
200000167,La Daguenière,3
200000168,Saint Hilaire Saint Florent,2
200000169,St Florent le Vieil,3
200000170,Saint-Rémy-la-Varenne,2
200000171,St Martin du Lac,2
200000173,eurovelo,2
200000175,Bourbon Lancy,2
200000176,V6 Caurel-2012,2
200000177,V6 Plemet-2011,3
200000178,V6 Rostrenen-2011,3
200000180,V3-2 Tremereuc-2013,2
200000181,V 4 Plérin-2013,3
200000182,V3 Canal Taden-2013,2
200000186,Oudon Mont Piron,3
200000187,Saint-Brevin,2
200000188,Blain,3
200000194,Briare,2
200000195,Candes,2
200000196,Couargue,2
200000198,Mareau,3
200000199,Mont Louis,2
200000200,Muides,2
200000201,Saint Satur,2
200000202,Savonniéres,2
200000203,Tours,2
200000204,Gourin,2
200000223,Champigny lès Langres,2
200000225,Saint Dizier,2
200000226,Vouécourt,2
200000227,Auvers Sur Oise,0
200000231,St-Michel-Chef-Chef,2
200000238,La Chapelle sur Erdre,0
200000241,Brunstatt,0
200000242,Huningue,0
200000243,Horbourg_Wihr,2
200000245,Kembs,2
200000248,22. Calorguen (CRT) V2-V3,2
200000249,22. Glomel (CRT) EV1,2
200000250,22. Plouasne (CRT) V3,3
200000251,22. Merleac(CRT) V8,3
200000252,22. Tremorel (CRT) V6,3
200000253,29. Chateauneuf du faou (CRT),2
200000255,29. plourin les morlaix (CRT),2
200000256,35. St_Germain_sur_Ille (CRT),2
200000257,35. Tinténiac (CRT),2
200000258,56. Mauron (CRT),3
200000261,001- Bricquebec total,3
200000262,002- Portbail-total,2
200000263,003-  St_jores-total,2
200000264,004- Agneaux-total,3
200000268,Abbaye Vauclair,2
200000270,Ecole de voile,2
200000271,Observatoire,2
200000272,APTEST,2
200000275,PTJULIEN,2
200000276,Audierne,2
200000277,Montcy Notre Dame,2
200000278,Haybes,2
200000279,Givet,2
200000280,Bogny_Sur_Meuse,2
200000282,Crozon,2
200000283,Plouarzel V5,3
200000284,DRID_EV1_EV4_V7_Roscoff,2
200000286,Tremeoc_Nouveau,3
200000288,Hirson,2
200000292,D23 Charasse Plaine,3
200000293,RD 59 Lac de Lavaud Gelade,2
200000294,RD67 Toulx Sainte Croix,3
200000295,Mourioux Vieilleville,2
200000296,Saint Germain Beaupré,2
200000297,Logger,3
200000298,PLUNERET 54DRSO13,2
200000303,Bobigny,1
200000305,pavillon_sous_bois  4015,1
200000307,Tremblay   4013,2
200000308,Armes,2
200000309,Biches,2
200000310,Cercy La Tour,2
200000311,Corbigny,2
200000312,Decize,2
200000313,Le Guetin,2
200000314,Plagny,2
200000315,Sermoise,2
200000317,Saint Vit,2
200000320,Blussans,2
200000321,Novillars,2
200000322,Viarhôna,2
200000323,Les Sablons,2
200000324,Ventoux-Est_RD164 PR:18+900 section:V164_19,2
200000325,Ventoux-Nord_RD 974 PR:44+000 section:V974_44,3
200000326,Ventoux-Sud_RD 974 PR:29+700 section:V974_29,3
200000351,02 PONT DE L'ISERE,2
200000353,04 LIVRON,2
200000357,08 Romans Ouest,2
200000358,09 Barrage de Pizançon,2
200000359,10 EYMEUX,2
200000360,GASSIN,2
200000361,LAGOUBRAN,1
200000375,PLOERMEL 52DRNE13,3
200000376,1 Velars,2
200000377,2 Creancey,2
200000378,3 Nogent,2
200000380,4 Volnay,2
200000382,6 St Symphorien,2
200000384,7 Pontailler,2
200000386,8 Oisilly,3
200000389,Benfeld,2
200000390,Eckwersheim,0
200000391,Erstein-Krafft,3
200000394,Herrlisheim,3
200000396,Hochfelden,2
200000397,Kintzheim,0
200000398,Marlenheim,3
200000399,Rosheim-Bischoffsheim,0
200000400,Wissembourg,2
200000401,Wolxheim,2
200000408,008- Bion-total,2
200000412,Luthenay_Uxeloup,2
200000413,MALESTROIT 58DRNE14,3
200000414,LA CHAPELLE CARO 57DRNE14,3
200000415,Artannes/Thouet,2
200000419,Avenue du Général de Gaulle vers D947,3
200000420,Avenue du Général de Gaulle vers le Bd Pompidou,1
200000421,Avenue du Stade,0
200000422,Boulevard de L'Europe,0
200000424,Boulevard Pierre Mendès France,0
200000425,Boulevard Victor Hugo,0
200000427,D2 Rue des 7 Planetes,3
200000432,D601 Pont du Chemin de Fer,0
200000433,D601 Pont à Roseaux,1
200000442,Avenue du 6 Juin 1944,3
200000445,D79 Route du Pont,3
200000446,D916 Route de Bergues,0
200000447,D916 Rue de Lille,0
200000451,Place du Minck,0
200000456,Rue de la Cunette,0
200000457,Rue des Scieries,0
200000460,Voie Verte rue Paul Vancassel,0
200000461,Ailly/Somme,3
200000462,Corbie,2
200000463,Fouilloy,3
200000464,Lamotte Brebière,3
200000465,Picquigny,3
200000466,Sailly Laurette,2
200000467,St Valéry Sur Somme,2
200000471,Munchhausen,2
200000472,Schirmeck-Russ,3
200000476,V_Hérouville,0
200000480,V_Vire,3
200000490,Géraudot,2
200000491,St lyé,3
200000492,vallant st georges,3
200000505,velodyssée St Hippolyte,2
200000508,Ciboure,2
200000510,TOULON EST (la Coulée Verte),1
200000515,LA CROIX ST OUEN,3
200000516,Liaison Abbaye Etang Ponpoint,3
200000518,St Fraimbault-de-prières,3
200000519,Ecluse Briassé,3
200000520,Ecluse le port,3
200000521,annsev,2
200000523,RD 909 Chavoires,2
200000525,Sallanches,2
200000526,Voie verte poilley-mont st michel (courtils),2
200000527,Voie verte pontorson Mont St Michel,2
200000531,Décines_Passerelle Nelson Mandela_ID949-950_3G_,0
200000532,Décines_Contre halage Pont de Décines_ID951-952_3G_,0
200000533,Vaulx en Velin_Pont de la Sucrerie_ID946-945_3G_,1
200000534,Vaulx en Velin_Contre-halage Pont Sucrerie_ID947-948_3G_,0
200000535,Lyon 7_Pont Raymond Barre_ID926-927_3G_,1
200000536,Meyzieu_Pont Herbens_ID953-954_3G_,3
200000538,Vaulx en Velin_Halage Hippodrome_Jara_ID943-944_3G_,1
200000598,Villeurbanne_Pont de Croix-Luizet_ID941-942_3G_,0
200000607,Marcq-en-Baroeul VVV,0
200000609,Marquette-lez-Lille VVV,1
200000611,Beaumetz les loges,3
200000612,Conchil Le Temple,3
200000613,Eleu dit leauwette,3
200000614,Etaples,3
200000615,Groffliers,2
200000616,Neufchatel Hardelot,3
200000617,Wittes,3
200000618,Armentières Bd Faidherbe côté Nord,0
200000619,Armentières Bd Faidherbe côté Sud,1
200000620,Bondues,0
200000621,Capinghem direction La Chapelle Armentières,0
200000622,Capinghem direction Lomme,1
200000623,Comines,0
200000624,Croix,1
200000625,Fretin,1
200000626,Haubourdin direction Haubourdin,1
200000627,Haubourdin direction Loos,1
200000628,Herlies,3
200000630,LIL - GdBoulevard,1
200000631,LIL-CORB-01-Vers Lille Flandres,1
200000632,LIL-CORB-02-Vers Lille Europe,1
200000633,Lille façade de l'Esplanade,1
200000634,Lézennes côté Buffalo,1
200000635,Lézennes côté Darty,1
200000636,Mons En Baroeul,1
200000637,Roncq direction Halluin,1
200000638,Roncq direction Roncq centre,1
200000639,Roubaix  Av. Gustave Delory direction parc Barbieu,1
200000640,Roubaix Av Des Nations Unies côté collège,1
200000641,Roubaix Av Des Nations Unies côté espace Grand Rue,1
200000642,Roubaix Av. Gustave Delory direction Hem,1
200000643,Séclin coté impair,1
200000644,Séclin coté pair,0
200000645,Tourcoing Av Allende sens descendant,1
200000646,Tourcoing Av Allende sens montant,1
200000647,Tourcoing Rue de Roubaix,1
200000648,Villeneuve d'Ascq 8 Mai 1945,1
200000649,Villeneuve d'Ascq Bd Van Gogh,0
200000650,Wambrechies direction Quesnoy,0
200000651,Wambrechies direction Wambrechies,1
200000653,Bouxwiller,2
200000654,Innenheim,3
200000655,Mietesheim,3
200000656,Morsbronn,3
200000657,Thanvillé,3
200000658,Piriac-sur-Mer,2
200000659,Saint Léger les Vignes,3
200000660,Voie verte Cambaie,1
200000662,RN1A Petite Ravine,1
200000663,RN1A Le Souffleur,1
200000665,RN2 Le Baril,3
200000666,RN2 Saint Benoit Plaines Est,3
200000667,RN2 Saint Benoit Plaines Ouest,3
200000668,RN2002 Bras Panon Nord,1
200000669,RN2002 Ste Suzanne La Marine,1
200000670,Voie verte Gillot,1
200000671,RN6 Bd Sud Gir. Cerf,1
200000672,RN6 Bd Sud Digue Finette,1
200000673,RN6 Bd Sud Foucques/Foucherolles,1
200000675,GRIMAUD,2
200000677,maison_nature,2
200000679,Castel,2
200000680,Grisolles,2
200000681,MontechN,2
200000682,MontechS,2
200000683,Stnicola,2
200000684,valence,2
200000686,01_Piste cyclable Ronce-les-Bains,2
200000687,02_La Bouverie,2
200000688,03_Piste cyclable Saint-Palais-sur-Mer,2
200000689,04_piste st georges,2
200000691,06_Meschers,2
200000692,19_Chemin Royan,2
200000693,08_V80_Mortagne,2
200000694,15_La Palmyre-Front de mer,2
200000695,montech est,3
200000696,Gorges de la nesque_RD942PR:54+620 section:V942.54,2
200000697,Charrin,2
200000698,Lyon 8_A.Thomas_Manufacture des Tabacs_ID1049-1050_EVO_,1
200000699,Lyon 8_Pinel_L.Bonnevay _ID1601-1602_3G_,1
200000703,V300 - Véloroutes Perpignan/Thuir  - Ponteilla (Vélos + Piétons),3
200000704,aubisque crêtes blanches,2
200000705,PIRINEXUS - Hôtel Néoulous le Boulou -  (Vélos + Piétons),3
200000707,Salies de Béarn,3
200000708,Laroin,3
200000709,voie verte NAY,2
200000711,la pierre St Martin,2
200000713,Haguenau,3
200000714,Bourdon,2
200000715,Sedan (Glaire),2
200000768,Chemin lacustre (Lido),2
200000769,AVV Eurovia,3
200000770,AVV PN 62-63 (Beaubec),3
200000771,AVV PN 87 (Osmoy),2
200000772,AVV PN99 (Dampierre),3
200000773,VRLIN Gueures,2
200000774,VRLin Pourville,2
200000779,RD 800 03 Cestas,2
200000782,RD 801 03 Salaunes,2
200000783,RD 801 04 Lacanau ville,2
200000784,RD 801 05 Lacanau ocean,2
200000785,RD 802 01 Andernos les Bains,2
200000786,RD 802 02 Lanton,2
200000787,RD 802 03 Mios,2
200000788,RD 802 04 Belin Beliet,2
200000789,RD 802 05 Hostens,2
200000790,RD 802 06 Le Nizan,3
200000791,RD 802 07 Le Nizan / Bazas,3
200000792,RD 802E1-01 Lège Cap Ferret,2
200000794,RD 803 02 Latresne,3
200000795,RD 803 03 Sadirac (Gare),2
200000796,RD 803 04 Créon,2
200000797,RD 803 05 Frontenac,2
200000798,RD 804 01 Le Teich,2
200000799,RD 804 02  La Teste de Buch,2
200000800,RD 804 03 La Teste de Buch (Pyla),2
200000801,RD 804E1 01 La Teste de Buch (Cazaux),3
200000802,RD 805 01 Hostens / St Magne,3
200000803,RD 805 02 Cabanac et Villagrains,3
200000804,RD 805 03 La Bréde,3
200000805,RD 807 01 Le Porge,3
200000806,RD 807 02 Carcans,2
200000807,RD 807 03 Hourtin,2
200000808,RD 808 01 Heyrans (le Pontet),3
200000809,RD 809 01 Castets en Dorthe,2
200000810,RD 810 01 Le Nizan / Roaillan,3
200000811,EV4 Plestin les Grèves,2
200000812,EV4 Hillion,3
200000813,EV4 Fréhel,2
200000814,Saint-Herblon,3
200000815,009- VV Ducey multi,2
200000816,35. Apigné (CR),0
200000817,56. Jn Saint Jouan (CRB),2
200000818,Saint Hippolyte,2
200000820,RD 807E1-01 Le Porge Océan,2
200000821,Machecoul Vélos,3
200000822,AVV PN 77-77bis (Neufchâtel-en-Bray),2
200000823,VVS Harfleur,0
200000824,VVS Parc Villequier,3
200000825,VRLin Offranville,2
200000826,VRLin Saint Pierre le Viger,3
200000827,VRLittoral Cauville-sur-mer,3
200000828,Asnière/Oise,3
200000829,L'Isle Adam,3
200000831,Cocquerel,2
200000832,Long,3
200000833,Bormes (le Trapan),3
200000834,Pont de Fil,1
200000836,Pont Wilson,1
200000837,le juch,3
200000839,DRID_EV4_Plougasnou,2
200000841,V5-route de plouzané,0
200000842,DRID_RD26_Plouguin_PCyUni,3
200000843,pleuven,3
200000844,kerlouan,3
200000845,landeda,2
200000846,V7-Scaër,2
200000850,Arras sur rhone,2
200000851,Saint Georges les bains,2
200000854,Lomme,1
200000856,Vallauris,0
200000857,Villeneuve Loubet,0
200000859,Station d'Aigues-Mortes Malamousque,2
200000861,Station de Comps,2
200000863,Station de Congéniès,3
200000864,Station de Gallician,2
200000866,Station Grau du Roi / Médard,2
200000867,Baix,2
200000868,St Laurent du Pape,2
200000870,56. Ht Grand Barrage (CRB),3
200000871,56. Py Le Gohazé (CRB),3
200000872,56. Re La Potinais (CRB),3
200000873,Gueltas-Coet Prat,2
200000874,Neulliac-Boloré,2
200000875,St Congard-Foveno,2
200000877,05 VV Mesnil Raoult Multi,3
200000878,RD1 Trégunc,3
200000880,Station d'Aramon La Vernède,2
200000881,Plessé vélos,2
200000882,Lille Pont de Fives,1
200000883,Canal du Midi coté Chemin de Halage,2
200000884,Canal du Midi coté restaurant,2
200000885,EV8 SALERNES,3
200000886,HYERES (l'Ayguade),3
200000887,amboise,2
200000888,bléré,2
200000891,006 VV Tessy-sur-vire,2
200000892,Galope Chopine EV3 Baignes,2
200000893,Coulée d'Oc - Chez Maillet,3
200000894,35. Guipry (CRDB),3
200000896,V_Clécy,2
200000897,V_Livarot,3
200000898,V_Thury-harcourt,2
200000899,V_Tracy sur Mer,2
200000901,St Genix,2
200000902,Stambach,2
200000903,Selestat,3
200000904,Schwabwiller,3
200000906,Pont Tramway,1
200000907,Pont Napoléon OUEST,1
200000908,Pont Napoléon EST,1
200000909,La Chapelle Basse mer,3
200000910,Arnéguy,1
200000913,Gare de Robion (EV8),2
200000914,Moutillon (EV8),2
200000915,Senancole Coustellet (EV8),2
200000916,Caderousse Nord (EV17),2
200000922,Bouin quatre vents,3
200000923,Passerelle Cul d'Ane,2
200000924,Talmont Saint Hilaire - Cayola,2
200000926,Sernhac,2
200000927,Bellevue,2
200000928,Mouillepied,2
200000929,Digolet,3
200000930,La Maréchale,3
200000931,Chef de Baie,3
200000932,Canal Maritime,2
200000934,Champagneux GSM Juin 2017,2
200000935,Grez-Neuville,3
200000938,Benolets Juin 2017,2
200000939,La Ravoire GSM Juin 2017,0
200000940,Tournon Juin 2017,2
200000941,Ugine GSM Juin 2017,2
200000942,Villarcher GSM Juin 2017,0
200000943,Sault Brenaz,2
200000944,Apremont,2
200000945,Selles,2
200000946,Planche des belles filles,0
200000949,saulx,0
200000951,Taverny,0
200000952,Gonesse,0
200000966,Merpins,2
200000968,29.Poullaouen(CRT) EV1-V7,2
200000972,Crissey EuroVélo 6,0
200000973,Piste GC,2
200000974,Vétraz-M/  Ecole F. Dolto,1
200000975,Allenjoie,2
200000976,Arbouans,2
200000978,Base_de_loisirs,3
200000980,Dasle,2
200000981,Exincourt,1
200000982,Fesches le Châtel,2
200000985,Prés-la-Rose,1
200000986,Prés-la-rose Passerelle,0
200000990,Vieux Charmond 2016,2
200000992,Chemilly (Multi P/V),3
200000995,Vélodyssée - Bias (Lespecier),2
200000996,Vélodyssée - Biscarrosse (Les Rives),2
200000997,Vélodyssée - Biscarrosse (Vivier),2
200000998,Vélodyssée - Mimizan (piscine),2
200001000,Vélodyssée - Vielle-Saint-Girons (Saint-Girons Plage),2
200001001,Lo camin de Hè - Castets,3
200001002,Vélodyssée - Gastes,2
200001003,Vélodyssée - Ychoux,2
200001004,Vélodyssée - Labenne,2
200001005,La piste du Vignac - Uza,2
200001006,Vélodyssée - Messanges,2
200001007,Vélodyssée - Seignosse,2
200001008,Vélodyssée - Lit et Mixe (Cap de L'Homy),2
200001009,Vélodyssée - Mimizan (les 3 collines),2
200001012,Dommartin,2
200001014,Cappy,2
200001015,Méricourt_sur_Somme,3
200001016,croix de chavaux,1
200001017,Pont Saint Sauveur EST,1
200001018,Pont Saint Sauveur OUEST,1
200001019,Pont Sanitas EST,1
200001020,Pont Sanitas OUEST,1
200001021,ANT-V40-Sud A86,1
200001022,CHT-V40-Perrotin-Est,1
200001023,MAL-V40-Charles de Gaulle-ouest,1
200001024,NAN-V16-V32-V33-Hoche,1
200001025,V6 Loudéac_2,3
200001026,V3 Bétineuc,2
200001029,LACANAU-OCEAN,2
200001030,SOULAC SUR MER,2
200001031,Villeneuve d'Ascq - Parc Urbain,0
200001032,Ecluse de l'Homps,2
200001033,Ecluse de Domergue,2
200001034,Ecluse de St Jean,2
200001035,Pont du diable,2
200001036,Entrée sud Pont J. Richard,0
200001045,Préfailles,3
200001046,Faye-d'Anjou,3
200001050,Pont Noir,1
200001051,Chemin de la digue - Gières,0
200001052,MEY_Chantourne,1
200001053,SMH1,1
200001054,Bouchemaine,3
200001056,Trélazé,3
200001057,Trélazé_Le_bac,3
200001058,cantenay laval,3
200007049,Paris | 28 Boulevard Diderot,1
200036718,Paris | 39 quai François Mauriac,1
200036719,Paris | 18 quai de l'hotel de ville,1
200041488,Paris | 27 Boulevard Diderot,1
200042374,Paris | Voie Georges Pompidou,1
200044493,Paris | 67 boulevard voltaire,1
200044494,Paris | 10 avenue de la Grande Armée,1
200044495,Paris | 7 Avenue de la Grande Armée,1
200044506,Paris | 72 boulevard Voltaire,1
200045818,Rennes | Eco-Display Place de Bretagne,1
200047533,Paris | 89 boulevard de Magenta,1
200047534,Paris | 16 Avenue de la Porte des Ternes,1
200047535,Paris | Pont du Garigliano NO-SE,1
200047536,Paris | 102 boulevard de Magenta,1
200047538,Paris | Face au 16 avenue de la  Porte des Ternes,1
200047539,Paris | 21 Boulevard Auguste Blanqui,1
200047540,Paris | 72 boulevard Richard Lenoir ,1
200047541,Paris | Pont National SO-NE,1
200047542,Paris | Face au 48 quai de la marne,1
200047544,Paris | 77 boulevard Richard Lenoir,1
200047545,Paris | Face 104 rue d'Aubervilliers,1
200047546,Paris | Face au 70 quai de Bercy,1
200047547,Paris | rue Julia Bartet (Voie cyclable coté pair),1
200047548,Paris | Face au 25 quai de l'Oise,1
200047549,Paris | Pont National NE-SO,1
200047550,Paris | 35 Boulevard de Ménilmontant,1
200047551,Paris | Pont du Garigliano,1
200049407,Paris | 152 boulevard du Montparnasse,1
200049408,Paris | 10 boulevard Auguste Blanqui,1
200049673,Ingersheim,3
200049674,Artzenheim,2
200049676,Giratoire Nord (Vélos),1
200049677,Petit Port,0
200049678,Route Départementale 908b (Vélos),1
200049679,Bonne,1
200049680,Chalonnes,2
200049682,Luzoir  gare,3
200049683,Marly-Gomont,3
200049684,Moulin d'Écouffeaux,3
200049685,Passerelle monampteuil,3
200049686,Quierzy,2
200049689,Guise,2
200049690,VLG-V33-Nobel,2
200049691,CB09 Voie Verte W.ROUSSEAU,0
200049692,Voie Verte BD Simone Veil,1
200049694,Magellan vers Ouest (CV0945),1
200049695,Bouaye_cote_maison,0
200049696,Bouaye_cote_stade,1
200049697,Calvaire_vers_Est,1
200049698,De_Gaulle_vers_Nord,1
200049699,De_Gaulle_vers_Sud,1
200049700,Magellan vers EST (CV0946),1
200049701,Pont A. Briand vers Nord,1
200049702,Pont A. Briand vers Sud,1
200049703,Pont des 3 Continents vers Sud,1
200049707,Pont_A_de_Bretagne_Nord_vers_Sud,1
200049709,Pont_Audibert_AMONT_vers_NORD,1
200049710,Pont_Audibert_amont_vers_SUD,1
200049711,Pont_Audibert_AVAL_vers_SUD,1
200049712,Pont_de_Pirmil_vers_Sud (CV0670),1
200049713,Pont_de_Pornic_vers_le_Nord (CV0672),1
200049714,Pont_de_Pornic_vers_le_Sud (CV0673),1
200049715,Pont_Haudaudine_vers_Nord,1
200049716,Pont_Haudaudine_vers_Sud,1
200049717,Pont_WBrandt_vers_Beaulieu,1
200049718,Pont_WBrandt_vers_Malakoff,1
200049719,Stalingrad_vers_Est,1
200049720,Stalingrad_vers_Ouest,1
200049721,Calvaire_vers_Ouest,1
200049722,Libération vers Nord,1
200049723,Libération vers Sud,1
200049724,Magellan vers Est (CV0944),1
200049725,Magellan vers Ouest (CV0943),1
200049726,Philippot_vers_centre,1
200049727,Phillipot_vers_Eboue,1
200049728,La Divatte,3
200049729,V.V DREUILHE,2
200049733,bonnelles,3
200049734,buc,0
200049735,Croissy-sur-Seine,0
200049736,foret de rambouillet,3
200049738,V_Amaye sur Orne,2
200049743,Vernon,2
200049745,Doulcon,2
200049746,Vacherauville,2
200049748,Beaugency,2
200049749,Conflans,3
200049750,Dammarie,2
200049751,Dordives,2
200049752,Ouvrouer les champs,3
200049753,Saint Benoit sur Loire,2
200049754,Saint-Aignan-le-Jaillard,2
200049763,Pont Mirabeau EST,1
200049764,Pont Mirabeau OUEST,1
200049765,Cher à Vélo,3
200049769,Digne les bains,2
200049770,Forcalquier,2
200049771,greoux,0
200049773,volx,2
200049774,Roubaix,0
200049775,VV Haubourdin,3
200049776,Molac,3
200049777,maxey sur meuse,3
200049778,Dinoze stade,2
200049779,col croix moinats,2
200049781,Artzenheim nord,2
200049782,Rouffach,2
200049783,Sierentz,3
200049785,La Loi vélo,2
200049786,5 Santenay,2
200049787,Langres,2
200049789,Antibes,3
200049791,La Turbie,3
200049792,Le Tignet,2
200049793,Mandelieu,3
200049794,Ste Marie de Gosse,3
200049795,Josse Nord,3
200049796,V_Ouistreham,2
200049797,Camon,0
200049798,Epagnette,2
200049799,Ganges,2
200049800,Station de Caveirac,3
200049801,Sumène,2
200049803,Lac d'orthez,3
200049805,DRID_EV4_Morlaix_Le Dourduff,2
200049806,Viviers vélos,2
200049807,Chomérac,2
200049808,Privas Les Mines,2
200049809,Rochemaure vélos,2
200049810,DRID_V7_Concarneau_le vuzut,2
200049811,Grand Chambéry | G04 - Avenue de Lyon,1
200049812,Grand Chambéry | G 06 - Avenue Comte Vert,1
200049813,Viaduc_de_la_Payre,2
200049814,Ruoms vélos,2
200049817,Saint Prix vélos,2
200049818,Saint-Julien-Boutières,2
200049819,St Michel de Chabrillanoux,2
200049820,Grand Chambéry | G 10 - Avenue Marius Berroir,0
200049822,Melle V93,3
200049823,Coulon,3
200049825,St Marc la Lande,2
200049826,St-Martin-de-Sanzay,3
200049827,St-Loup-sur-Thouet,2
200049828,Thouars,2
200049829,T 09 - VV Planeurs,0
200049830,T 13 - La Ravoire Duguesclin,0
200049834,Santes,0
200049836,T 02 - VV Leysse,1
200049837,T 03 - Parc Buisson Rond,0
200049838,T 05 - Avenue de la Boisse,1
200049839,T 07 - Avenue Verte Nord,1
200049840,T 08 - Croix de Bissy,1
200049841,T 01 - Parc du Verney,1
200049843,Paris | Totem 64 Rue de Rivoli,1
200049844,Paris | 87 Avenue de Flandre,1
200049845,Paris | 72 avenue de Flandre,1
200049846,Paris | 97 avenue Denfert Rochereau,1
200049849,Paris | 135 Avenue Daumesnil,1
200050132,Paris | 243 Boulevard Saint Germain,1
200050719,Rennes | Rue d'Isly V1,1
200056039,Paris | 180 Avenue d'Italie,1
200056040,Paris | 129 rue Lecourbe,1
200056041,Paris | 147 avenue d'Italie,1
200056042,Paris | 33 avenue des Champs Elysées,1
200056044,Paris | 132 rue Lecourbe,1
200056045,Paris | Pont de la Concorde N-S,1
200056046,Paris | Pont des Invalides S-N,1
200056047,Paris | Pont de la Concorde S-N,1
200056223,Paris | Pont des Invalides N-S,1
200056226,Paris | Face au 8 avenue de la porte de Charenton,1
200056327,Paris | Face au 4 avenue de la porte de Bagnolet,1
200056329,Paris | Pont Charles De Gaulle,1
200056330,Paris | 36 quai de Grenelle,1
200056331,Paris | Face au 40 quai D'Issy,1
200056332,Paris | Pont de Bercy,1
200056334,Paris | 38 rue Turbigo,1
200056335,Paris | Quai d'Orsay,1
200056336,Paris | 27 quai de la Tournelle,1
200057329,Paris | Totem 85 quai d'Austerlitz,1
200057380,Paris | Totem Cours la Reine,1
200057445,Paris | Totem 73 boulevard de Sébastopol,1
200057447,V_Deauville,2
200057448,EV8 - Sorède (Vélos + Piétons),3
200057449,EV8/VELITTORALE - Canet-en-Roussillon - Vélos,3
200057450,Gétigné,0
200057451,Soudan,3
200057456,Fléville-devant-Nancy,2
200057457,Frouard,2
200057458,Laneuveville-devant-Nancy,0
200057459,Pagny-sur-Moselle,3
200057460,Villey-le-Sec,2
200057461,Les Moulins de Soulaires (RD19.2),2
200057463,St-Christophe (RD145),2
200057464,Trizay-Coutretot-St-Serge (RD112.1),2
200057465,Cuffy,2
200057466,Quincey,2
200057467,Vaivre,2
200057469,V_Sallenelles,2
200057470,ObservaLoire,0
200057472,Quai de la Loire,0
200057473,007 VV Sourdeval,2
200057474,(Echirolles) Digue - Comboire V64,0
200057475,(Fontaine) Digue - Quai du Drac,1
200057476,(Grenoble) Boulevard Maréchal Lyautey,1
200057477,(Grenoble) Stade des Alpes,1
200057478,(Saint Egreve) Digue - VV2 V63,0
200057479,Gare,1
200057480,(Meylan) Mairie / Afficheur,1
200057481,(Grenoble) Av. des jeux olympiques - gre1,1
200057482,(Seyssins) Digue - Passerelle Drac1,1
200057483,(Eybens) Rue P. Mendes France - eyb1,1
200057484,genets,1
200057486,hurepoix,0
200057487,saint aubin,0
200057489,Compiègne,0
200057494,La Neuville en Hez,3
200057495,La Rue Saint Pierre,3
200057497,St Germer de Fly,2
200057504,Pont l'Eveque,2
200057505,Rainvilliers,3
200057507,st jean de col,2
200100192,Baverans,2
200100193,St_Ylie,2
300014585,Villeurbanne_Pont de Cusset_ID2250-2251,1
300014589,Lyon 8_Challemel-Lacour_Champagneux_ID2256-2257,1
300014590,Lyon 3_Mouton Duvernet_Hachette_ID1047-1048_EVO_,1
300014591,Lyon 3_Gambetta_Lacroix_ID380-381_EVO_,1
300014592,Lyon 2_Bellecour_Chambonnet_ID656-657_EVO_,1
300014607,Lyon 3_Quai Augagneur_Bonnel_ET_Berges sous Pont Wilson_EcoDispay Compact_ID524-525-1635-1636_PROB,1
300014623,55 bd Paul Vaillant Couturier,1
300014648,ermenonville,3
300014652,Viaduc du Sully,2
300014769,Vaulx en Velin_Pont de la Soie_ID2252-2253_3G,1
300014836,Quai Valin,1
300014841,Grenoble (Quai de France),1
300014960,Alpe dhuez,0
300014961,Hameau de Paute,2
300014962,Lac Bleu,2
300014963,Minardière,2
300014964,Pont rouge,2
300015003,Bidart Av de Biarritz,2
300015004,Guiche Barthes,3
300015005,Guiche Digue,3
300015018,Passa pais (lautier),2
300015065,Lyon 7_Croix Barret_A.Chollat_SNCF_3G_ID2258-2259,1
300015066,Lyon 6_Pont W.Churchill_ID1783-1784_,1
300015067,Vénissieux_Passerelle Puizot_J.Guesde_ID2149-2150_,1
300015128,Lyon 6_Pont Lafayette_ID802-803,1
300015208,Av JOURDAN Sens Nord / Sud,0
300015211,Bd du Riou Sens Descente,1
300015212,Bd du Riou Sens Montèe,0
300015216,Croisette Port Canto,2
300015218,Gazagnaire,2
300015219,MIDI - DOLLFUS,0
300015221,Royal Palm,2
300015234,Lalacelle,2
300015235,Lonrai,3
300015275,Saint Fons_Pont de Pierre Bénite_3G_ID2254-2255,1
300015304,st brieuc perrieres,0
300015305,Carnot fixe,1
300015323,GERGY MULTI,2
300015324,EPERVANS MULTI,2
300015326,Tournus Nord - Boyer,2
300015336,Centre Hospitalier,3
300015337,St Nizier,3
300015390,Quend Avenue Renard,2
300015393,Digue de la Gaité,3
300015399,BOURGES - 18000,3
300015400,St-Amand-Montrond - 18200,3
300015401,Le Hourdel,2
300015402,La Mollière,2
300015404,Gebasom,2
300015405,La Bassée,1
300015406,Parc du Marquenterre,2
300015419,EV4 Perros Guirec,2
300015531,Totem Mulhouse,1
300015580,L'épine,0
300015581,La houssiniere,2
300015582,noirmoutier,0
300015685,St Etienne les Orgues,3
300015692,V_Pont l Evêque,2
300015694,EV1 Bon Repos,2
300015700,APT GARE (EV8) Multi P/V,0
300015701,Brégoux (Venaissia),3
300015702,Carpentras Lira (Via Venaissia),2
300015703,Mondragon,2
300015712,Champagnole,2
300015713,Molay,2
300015714,Salins les Bains,2
300015776,Lyon 5_Quai P.Scize_Entre passerelle_ID312-313_,1
300015781,Col de Saint Ignace,3
300015783,POURTALET,2
300015819,Bernay,3
300015820,Berville sur Mer,2
300015821,Le Neubourg,2
300015836,123 Avenue Aristide Briand,1
300015837,139 rue Etienne Marcel,1
300015840,15 av Pasteur vers Chavaux,1
300015841,16 Avenue Gabriel PERI,1
300015842,Av Pasteur vers A3,1
300015923,Pont Daoulas,2
300015924,Pont Coblant,2
300015931,Voie Verte Courniou,3
300015932,Voie Verte Hérépian,2
300015933,Voie Verte Le Poujol,2
300015934,Voie Verte Premian,2
300015935,Voie Verte Villemagne,2
300015941,Faverges,2
300016017,Villeurbanne_Genas_C.Lacouture_ID1603-1604_,1
300016087,Lyon 6_Lafayette_Lalande_Pont SNCF_ID2147-2148_,1
300016088,Lyon 3_Part-Dieu_Guichard_ID526-52_Eco-Display_,1
300016113,Lyon 3_Flandin_F.Faure_Hachette_ID469-470,1
300016128,(Grenoble) Rue Léo Lagrange - Gre2,1
300016129,(Grenoble) Cours Lafontaine / Afficheur,1
300016130,(Echirolles) rue Victor Hugo,1
300016140,Villeurbanne_E.Zola_H.Barbusse_ID1605-1606_,1
300016141,Villeurbanne_11 Novembre_Rossellini_ID467-468_,1
300016152,pont de mauves,3
300016189,Bréançon,3
300016190,Gouzangrez,3
300016191,Valmondois,3
300016223,TOTEM Villeneuve Loubet,3
300016225,RD 98 VALBONNE,1
300016226,RD 504 BIOT,1
300016228,Voie Verte RD60 Bray-Dunes,2
300016229,Rue du Banc-vert DP903-01 (vers av Desmidt),0
300016230,Rue du Banc-vert DP903-02 (vers av de la Villette),0
300016231,Voie verte Rue des Forts,3
300016232,Voie verte S9 Leffrinckoucke,2
300016233,Pont Appilly,3
300016241,Réseau Vert 02 - Nord Assas,3
300016276,Vénissieux_Vienne_L.Bonnevay_ID1596-1597_,1
300016299,Cours_Des_50_Otages_Sud (CV0785-CV0786),1
300016301,Chaussée de la Madeleine (CV0880-CV0881),1
300016302,Bd Malakoff vers Ouest (CV0947),1
300016303,Bd Malakoff vers Est (CV0948),1
300016305,Rte des Sorinières vers Sud (CV0959),1
300016306,Rte des Sorinières vers Nord (CV0960),1
300016307,Quai Ceneray vers Est (CV0994),1
300016308,Quai Ceneray vers Ouest (CV0995),1
300016309,Van Iseghem vers Nord (CV0996),1
300016310,Van Iseghem vers Sud (CV0997),1
300016311,Tremie vers Ouest (CV0986),1
300016312,Kennedy vers Est (CV0988),1
300016313,Kennedy vers Ouest (CV0989),1
300016314,Pont de Pirmil (CV0890),1
300016315,Pont Tabarly vers Sud (CV0725) - Trottoir,1
300016316,Pont Tabarly vers Sud (CV0980) Piste,1
300016317,Pont Tabarly vers Nord (CV0981) Trottoir,1
300016320,Tremie vers Est (CV0987),1
300016321,Pont Tabarly vers Nord (CV0727) Piste,1
300016332,Lyon 4_Tunnel Crx Rousse_Saone_ID1149-1150_Totem 3G_,1
300016348,EV8/PIRINEXUS - le Boulou - Vélos,3
300016358,EV8/V81 - Le Barcarès - Vélos,3
300016385,Strasbourg | Rue du Faubourg de Pierre,1
300016387,Strasbourg | Quai Pasteur,1
300016388,Strasbourg | Allée du Schluthfeld,1
300016389,Strasbourg | Place du Corbeau,1
300016390,Strasbourg | Rue Edmond Michelet,1
300016391,Strasbourg | Rue Alfred Kastler,1
300016392,Strasbourg | Quai Marc Bloch,1
300016393,Strasbourg | Route des Romains Nord,1
300016394,Strasbourg | Rue du Rempart,1
300016395,Strasbourg | Route des Romains Sud,1
300016396,Strasbourg | Rue de Saales,1
300016397,Strasbourg | Place de Haguenau,1
300016398,Strasbourg | Avenue Herrenschmidt (côté Hilton),1
300016399,Strasbourg | Avenue Herrenschmidt (côté PMC),1
300016401,Strasbourg | Rue de l'Eglise Rouge,1
300016402,Bias,3
300016403,Strasbourg | Place de Haguenau (Kablé/Bischwiller),1
300016404,Boé,2
300016405,Le Passage,2
300016406,meilhan,2
300016407,Villeton,2
300016408,Strasbourg | Avenue de la Forêt-Noire,1
300016409,Strasbourg | Chemin Goeb,1
300016410,Strasbourg | Avenue de l'Europe,1
300016411,Strasbourg | Avenue de l'Europe (devant Conseil de l'Europe),1
300016412,Strasbourg | Voie TRAM (hauteur rue des Jardiniers),1
300016413,Strasbourg | Voie TRAM (hauteur rue Médiane),1
300016415,Strasbourg | Rue du Rhin Tortu,1
300016417,Strasbourg | Rue du Rhin Tortu (hauteur cimetière),1
300016418,Strasbourg | Av.Rhin (coté Rhin Napoléon),1
300016419,Strasbourg | Av. Rhin (coté Petit Rhin),1
300016420,Strasbourg | Rue du Rhin Napoléon / Av. Rhin,1
300016422,Strasbourg | Route du Polygone,1
300016423,Strasbourg | Rue du Doubs,1
300016424,Strasbourg | Rue de la Plaine des Bouchers,1
300016425,Strasbourg | Rue de la Montagne-Verte,1
300016426,Strasbourg | Piste Jean Robic,1
300016427,Strasbourg | Route d'Oberhausbergen (SDIS),1
300016428,Strasbourg | Route d'Oberhausbergen (DDT),1
300016436,Strasbourg | Petite Rue des Magasins,1
300016439,Strasbourg | Piste Maurice Garin,1
300016440,Strasbourg | Route de Brumath,1
300016441,Strasbourg | Rue du 23 Novembre,1
300016443,Strasbourg | Rue Ettore Bugatti,1
300016444,Strasbourg | Route de Hausbergen,1
300016488,Lyon 9_Pont R.Schuman_ID1051-1052_,1
300016489,Lyon 9_Passerelle Masaryk_ID1053-1054_,1
300016490,Lyon 9_Bourbonnais_Apollinaire_ID1787-1788_,1
300016509,Lyon 2_Pont Kitchener Marchand_ID1157-1158_3G_,1
300016524,Manosque,3
300016573,Lyon 1_Pont Général Koenig_ID1159-1160_3G_,1
300016620,Massieux,3
300016621,Trevoux,3
300016677,D19 BEDOIN,2
300017188,Lyon 6_Pont Morand_EcoDisplay_ID552-553,1
300017198,Jouy aux Arches,2
300017199,Sarreguemines,2
300017331,Lyon 2_Delandine_Belier_ID1789-1790_3G,1
300017431,EV3 - voie verte de l'Avesnois - Ferriere La Petite ,3
300017432,EV3 - voie verte de l'Avesnois - Liessies,3
300017433,EV3 – voie verte de l’Avesnois – Solre-Le-Château,3
300017435,EV3 - voie verte de l'Avesnois - Trelon,2
300017438,voie verte de la Pévèle - Bersée,3
300017439,voie verte de la Pévèle - Mons-en-Pévèle,3
300017529,RN2 Voie Verte du Grand Hazier ,1
300017609,Briare_Pont SNCF,3
300017731,Boulevard Heurteloup,0
300017732,Fondettes - itinéraire #9,0
300017733,Pont d'Arcole #2,1
300017734,Bld Charles de Gaulle,1
300017735,Rue d'Entraigues,1
300017736,Rue de Buffon,1
300017737,Rue Edouard Vaillant,1
300017804,Falaise Bloucard,2
300017942,Bordeaux | 155 Avenue François Mitterrand,1
300018056,Bordeaux | Boulevard Antoine Gautier,1
300018057,Bordeaux | 49 rue des Griffons,1
300018058,Bordeaux | Pont de Pierre,1
300018062,Bordeaux | 27 Cours Clémenceau,1
300018068,Bordeaux | 9 Quai de la Souys,1
300018070,Bordeaux | 21 Cours du Général De Gaulle,1
300018071,Bordeaux | 34 Avenue de Paris,1
300018072,Bordeaux | 19 Avenue Jean Zay,1
300018074,Bordeaux | Avenue Thouars - Marne,1
300018075,Bordeaux | Avenue de Magudas,1
300018077,Bordeaux | Bd Pompidou - Rue Larminat - Barrière Ornano,1
300018813,EV4-Wissant,2
300018814,EV5-Aire sur la Lys,3
300018815,EV5-HERSIN-coupigny,3
300018816,EV5-Base de loisirs d'Olhain,3
300018817,EV5-Guines,3
300018932,av des belges droite,0
300018933,Av des belges gauche,1
300018934,Avenue Schuman,0
300018935,EDCompact Casino,1
300019050,V_Vierville,2
300019359,Bourg-Philippe - CHEMAZÉ,3
300019498,013 VV Brillevast,3
300019499,012 VV Pouppeville,2
300019558,Salignac,3
300019559,Font-Belle,3
300019560,Saint-Paul,3
300019591,Gazagnaire 2,3
300019592,Alexandre III - OE,0
300019593,Midi - Verrerie,0
300019735,Magné velo francette,3
300019830,VIERZON,3
300019904,Flavigny-sur-Moselle,2
300019905,Gripport,2
300019906,Liverdun,2
300019907,Parroy,2
300020025,Flow Crazannes,2
300020235,Lac_Kir,3
300020236,Strasbourg,1
300020244,promenade sevigné,0
300020245,albert sorel,1
300020248,RD620 Aire de repos,2
300020418,Availles,2
300020419,Dange,3
300020420,Valdivienne,3
300020423,Bd de la Republique - Grand Fort,3
300020528,Place Matabiau,1
300020529,Port St Etienne,1
300020805,Point 0 #2,1
300020825,CC Pilat Rhodanien VERIN,2
300020828,Azay-sur-Cher,3
300020920,Bron_F.Roosevelt_L.Bonnevay_ID641-642_,1
300020997,Ligne,3
300020998,Vay,3
300021002,Lyon 6_Vauban_Viabert_Thiers_ID550-551_EVO,1
300021003,Lyon 7_Yves Farge_Lagrange_ID658-659_EVO_,1
300021034,Hauconcourt,1
300021047,Billieme,2
300021048,St-Alban-De-Montbel,2
300021084,Raon l'Etape,2
300021107,Villeurbanne_J.Bertin_Poudrette_ID643-644,1
300021168,Lyon 4_Canuts_Montée de la Boucle_ID649-650,1
300021179,Canal PPB,3
300021181,Rue des Frênes,0
300021311,Seyssel,2
300021326,Aérodrome,1
300021354,Lyon 2_Trémie Ouest de Perrache_ID310-311_EVO_,1
300021365,Le Net,2
300021366,Pen Cadenic,3
300021367,porzh kerviche,3
300021413,Lyon 8_Etats Unis_Cazeneuve_ID465-466,1
300021414,Lyon 7_Pont de L'Université_ID1151-1152_3G,1
300021415,Bron_Ch des Balmes_F.Forest_ID1163-1164_3G,1
300021427,Lyon 7_P.Duvivier_Vienne_ID463-464_EVO_,1
300021432,Av. P.G Latécoère (Blagnac) - intersection rue Vélasquez,1
300021433,Boulevard Yves Brunaud (Colomiers),1
300021434,RM1 (Cornebarrieu) -giratoire avec RM63e,1
300021470,V_Coupesarte,3
300021471,V_Grand Champ le Château,3
300021491,Airbus St-Martin - Giratoire de la Crabe,1
300021509,Jargeau,3
300021729,Lyon 3_Paul Bert_V.Merle_Pont SNCF_ID1637-1638_EVO,1
300021762,Bousse,3
300021842,Avenue des Bordées Voie Verte,3
300021843,Quai aux Fleurs,0
300021979,Lac du Jaunay,3
300022006,Base Nautique Le Goisil - La Couarde - Ile de Ré,2
300022007,Le Martray - Ars - Ile de Ré,2
300022008,Sablanceaux - Rivedoux - Ile de Ré,2
300022041,Chemin de halage Cormoranche-sur-Saône,3
300022042,Grièges RD51,2
300022043,Cagnes sur Mer - Allée des Tilleuls,0
300022077,St Laurent du Var - Av. Guynemer,2
300022078,Nice - Av. Thiers,1
300022079,Cagnes sur Mer - Promenade de la Plage,0
300022080,Carros - 1ère Avenue,3
300022081,Gattières - Allée des Maraîchers,3
300022085,Nice - Rue l'Hôtel des Postes (Alberti),0
300022086,Le Broc - Pont Nucéra,3
300022087,Nice - Rue du Maréchal Joffre,0
300022088,Nice - Promenade des Anglais (Gambetta),1
300022090,Nice - Pont Napoléon III,0
300022091,Nice - Promenade des Anglais (Centenaire),0
300022092,Nice - Promenade Corniglion Molinier,0
300022093,Nice - Quai des Etats-Unis,0
300022097,Nice - Rue Blacas,0
300022098,Nice - Rue Chauvain,0
300022099,Nice - Rue du Congrès,0
300022100,Nice - Rue Paganini,1
300022101,St Laurent du Var - Promenade Maïcon,0
300022107,Nice - Promenade des Anglais (Bosquets),1
300022108,St Laurent du Var - Promenade Alain Gerbault,0
300022166,Saint Benoit - site vallée Mouton,1
300022185,Bron_J.Mermoz_L.Terray_ID660-661_,1
300022398,Pont de la Cèpe,2
300022399,André CARRETE,1
300022400,bd strasbourg prefecture,0
300022401,carrefour Dresser,1
300022402,eugene mopin,0
300022403,francois premier,0
300022404,jean jaures,1
300022405,joliot curie,1
300022406,le ponant plage,0
300022407,mendes france,1
300022408,montivilliers,0
300022409,raoul duval,0
300022410,rogerville,0
300022411,Southampton,0
300022412,ste adresse,0
300022413,strasbourg,1
300022414,tunnel jenner nord,1
300022415,tunnel jenner sud,1
300022416,voie verte rouelle,0
300022417,Quai Colbert,0
300022418,RD147,0
300022419,RD940,0
300022420,Rue du 329 ème / cimetière ,1
300022421,Auguste le Conte,0
300022422,RD6015,2
300022423,Rue du 329ème,1
300022425,Georges Lafaurie,1
300022426,fontaine la mallet,3
300022427,harfleur,1
300022461,Carspach,2
300022463,Ile du Rhin,2
300022465,Guewenheim,3
300022466,Ebersheim,3
300022467,Dannemarie,2
300022468,Wolfisheim,0
300022469,Wittisheim,2
300022470,Nordhouse,3
300022473,Liepvre,3
300022478,Haguenau sud,3
300022490,St Leu La Foret,0
300022547,Aiffres V93,0
300022549,Chauray V94,3
300022550,St Maixent Ecole V94,3
300022584,Domfront,2
300022585,Rives-d'Andaines (Couterne),2
300022586,Valframbert,2
300022623,Oiselet Nord (EV17),2
300022625,Caderousse Sud (EV17),2
300022626,Halte fluviale (EV17),2
300022627,Cavaillon Dorio (EV8),2
300022642,La Meilleraye-De-Bretagne,2
300022643,Trignac (RD 144p),1
300022673,Limbert,1
300022674,Pont Daladier Vélos,0
300022677,Chalampé,3
300022784,Lyon 5_Pont Maréchal Juin_ID809-810,1
300022785,Lyon 7_Jean Jaurès_Gerland_ ID461-462_EVO_,1
300022786,Sommieres,3
300022797,Ecuisses 5eme ecluse,2
300022798,Chagny - Rully,2
300022799,charnay,2
300022800,gare cluny,2
300022801,Givry,2
300022802,Paris l'Hôpital,2
300022803,saint yan,2
300022804,Saint-Germain-du-Plain,3
300022805,Tunnel du bois Clair ,2
300022806,vitry en charolais,2
300022807,VV ST GENGOUX LE NAL,2
300022820,Dunières,2
300022821,Montfaucon,2
300022823,Riotord,2
300022824,Bessamorel,2
300022825,Yssingeaux,2
300022826,ANNONAY,2
300022827,Saint-Marcel,3
300022903,Bd Guy Mollet vers SUD (CV1042),1
300022904,Bd Guy Mollet vers Nord (CV1041),1
300023022,Augy,2
300023026,Monéteau,2
300023028,Lucy,2
300023029,Merry,2
300023030,Vincelles,2
300023047,(Pont de Claix) PEM l'Etoile - Afficheur,1
300023048,(SMLV) Pont d'Oxford - Afficheur,1
300023231,Pompierre,2
300023232,Esnans,2
300023234,Trévoux Estacade Est Piétons Vélos,3
300023259,Sète Voie Verte,3
300023260,Marseillan V8,2
300023312,Vénissieux_F.Pressensé_G.Lévy_ID662-663,1
300023313,Vénissieux_Bld J.Curie_P.Jaillet_ID1599-1600_,1
300023317,LxL_Belle Etoile,1
300023318,LxL_Buissonnier,1
300023323,SN_Rte de la Cote d'Amour (Ex RD92),1
300023326,SN_Bld de la fraternité (N°10),1
300023328,SN_Bld Leferme (Ville Halluard),1
300023329,SN_Pont de la Matte (Est),0
300023330,SN_Pont de la Matte (Ouest),0
300023332,Piste Dpt-SMG (Rue du Pin),1
300023351,(Saint Martin d'Hères) Campus universitaire,1
300023363,Lyon 3_Quai Augagneur (formule),1
300023370,Lyon 3_Berges du Rhône (formule),1
300023934,Av des Minimes vers Canal,1
300023935,Av des Minimes vers Rue Jammes,1
300023936,Pont de Blagnac vers Blagnac,1
300023938,Pont de Blagnac vers Toulouse,1
300023939,Av Etienne Billières vers Place Jean Diebol,1
300023940,Av Etienne Billières vers Rue Champêtre,1
300023969,Paris | Quai des Tuileries,1
300024269,Echillais,3
300024495,05 Montélimar vélos,2
300024496,03 EPERVIERE VELOS,0
300025027,Viaduc Brassilly,1
300025028,Argonay,1
300025029,Epagny,0
300025030,Héry sur Alby,0
300025031,P C Av du Rhone,1
300025032,Route des Creuses,1
300025033,Talloires,2
300025226,EV4 Douvenant,3
300025265,48 rue de tregueux,1
300025418,Saint loup hors,3
300025475,Grandcamp-maisy,2
300025591,La guisane,2
300025612,Av. Antoine de St Exupéry impaire,1
300025614,"Av. Camille Pujol - 17, 31500 Toulouse",1
300025615,"Av. Camille Pujol - 12, 31500 Toulouse",1
300025616,"Av. de Grande Bretagne - 25, 31300 Toulouse",1
300025617,"Av. de Grande Bretagne - 30, 31300 Toulouse",1
300025618,Av. Jean Rieux impaire,1
300025619,Av. Jean Rieux paire,1
300025621,Av. Saint Exupery paire,1
300025622,"Rte de Saint-Simon - 392, 31300 Toulouse",1
300025623,"Rte de Saint-Simon - 397, 31300 Toulouse",1
300025652,Chouilly,2
300025653,mont aime,3
300026176,VANNES - EcoDisplay Tohannic,0
300027058,Sierck les Bains,2
300027613,Avenue de Bretagne,3
300027621,passerelle,3
300028223,Les Andelys,3
300028224,Sainte Opportune la Mare,2
300028226,Heudebouville - Lormais,3
300028227,Martot,3
300028397,RUE-RD991-Pont Chatou-Sud,1
300028405,Thann,2
300028406,Wintzenheim,2
300028407,Buhl,0
300028408,Drulingen,3
300028622,Réseau Vert 02 - St-Sauveur,3
300028819,Villevêque - Vallée du Loir à vélo,3
300028854,Av d Arches dir CHA,0
300028855,Av d Arches dir HDV,1
300028857,Place Bozzi,0
300028858,Pont de la Victoire,1
300028859,Voie verte Mohon>Picasso - Parking Picasso,0
300028860,Voie verte Passerelle MAZARIN,0
300029083,"Annecy, Quai Eustache Chappuis",0
300029166,Passerelle RD50_Les Combes,2
300029170,Briouze,3
300029172,Magny-le-Désert,3
300029174,Forêt des Andaines,3
300029599,Chalette-Sur-Loing,3
300029851,Le Châtellier,3
300029853,Fumeçon,2
300029863,Poses,3
300029873,17_pont_ronce,2
300029938,EV8,2
300029972,Chambellay,3
300029973,saint mathurin,2
300029974,voie verte montreuil-angers,0
300030033,GR Liziec - Séné,3
300030035,Pointe de Becudo - Sarzeau,2
300030036,Vieux Pont - Le Bono,2
300030038,Tour du Bourg - Plescop,3
300030044,Route de Beauvoir,2
300030045,Allée du Couesnon,2
300030046,Route Ardevon,2
300030050,DRID_V45_RD2_Pont-l'Abbé_Pcy_Bidir_Rte_Loctudy,2
300030067,Gare St Mars du Désert,3
300030068,Gautrie Petit Mars,0
300030069,Montagné Les Touches,3
300030070,Procé Sucé sur Erdre,3
300030071,RD26 Bellevue Grandchamp des F.,1
300030123,Vernosc,2
300030129,Lyon 2_Rambaud_C.Collonge_EVO,1
300030158,Piste cyclable Poitiers - Mignaloux,0
300030159,poitiers fontaine,0
300030276,Passerelle Ile Balzac,0
300030278,Rue Émile Baudot,0
300030316,Portes Léonardsau,3
300030360,SàV (Hautot sur Seine),3
300030361,SàV (Elbeuf),0
300030363,SàV (Belbeuf),3
300030364,Forges les eaux,3
300030366,Gonfreville l'Orcher,2
300030384,Rochefort lagunage,3
300030572,Parc Gallamé,0
300030573,Voie verte rue du pont de pierre Gravelines,2
300030574,Piste av de la libération vers ville,0
300030575,Piste avenue de la Libération vers plage,0
300030576,Piste av. de la mer vers ville,0
300030577,Piste Av. de le mer vers plage,3
300030578,Voie verte boulevard des Fédérés,0
300030580,Voie verte quai de la Batellerie Gravelines,3
300030587,74 av de romans,1
300030588,Av Marseille,1
300030589,Bd des Alpes,0
300030590,Churchill 1,1
300030591,Churchill 2,1
300030592,Jaurès 1,1
300030593,Jaurès 2,1
300030594,Liberation,1
300030595,Mauboule,2
300030596,PN19,0
300030598,Pont Mistral Gambetta,0
300030600,Pont Mistral Guilherand Granges,1
300030601,Rue des Alpes,1
300030602,République 1,0
300030603,République 2,1
300030635,136 Bld G Leclerc OUT-S1  4017,1
300030636,14 Av du 18 Juin 1940 S1,1
300030638,180 Av Jean Jaurès S1 / OUT  4020,1
300030639,227 Rue Jean Jaurès  S2 / IN 4020,1
300030640,36 Av  Jean Lolive OUT/S1  4018,1
300030641,Av  Jean Lolive  IN / S2  4018,1
300030642,Bld G Leclerc  OUT-S1 ET IN-S2  4017,1
300030643,Face au 14 Av de 18 juin 1940  S2,1
300030644,Livry Gargan RD970 95(ecole) S1 / OUT 4023,1
300030645,Livry Gargan RD970 N° 92   S2/IN  4023,1
300030667,Hinsingen,2
300030669,Ottmarsheim,2
300030705,05_allee des Paons,2
300030706,07_talmont_pedestre/vtc,2
300030708,10_RD 25,2
300030709,11_DFCI Les Combots,2
300030710,13_La Palmyre - résidences,3
300030711,14_LaPalmyre-hippodrome,0
300030713,16_La Palmyre-quads,2
300030714,18_L'Eguille-chemin des carrelets,3
300030716,22_Pont Ronce 2,2
300030793,Pullay,2
300030794,Gisors - Route de Bazincourt,0
300030811,Avenue de la Marne,1
300030812,Av de seville 2,1
300030813,Av de Séville,3
300030824,Montauban,3
300030825,Nohic,3
300030828,Bressols,3
300030842,Lyon 9_L.Dieblod_Claire_3G_EN TRAVAUX,1
300030895,Lyon 4_Pont Clémenceau_Radar,1
300030898,Lyon 7_Pont Gallieni_Radar,1
300031095,Passerelle Le Vanneau Irleau,3
300031124,Montpellier | Quai des tanneurs,1
300031126,Montpellier | D5 - Juvignac,0
300031128,Montpellier | Avenue du Pirée,1
300031130,Montpellier | D185 - Villeneuve-lès-Maguelone,2
300031131,Montpellier | Route de Ganges,1
300031132,Montpellier | Avenue Einstein,1
300031133,Montpellier | Route de Montpellier - Grabels,1
300031135,Montpellier | Avenue George Frêche - Pérols,1
300031136,Montpellier | Allée de l'Europe - Juvignac,1
300031138,Montpellier | Allée de la Méditerrannée,0
300031141,Montpellier | Rue Professeur Léon Vallois,1
300031143,Montpellier | D21 Jacou - Jacou,0
300031153,Hourdin voie verte,3
300031154,Lieu dit Gerard,0
300031155,Pavillon voie verte,3
300031181,AVIGNONET,2
300031182,CASTANET,3
300031191,Tergnier,2
300031211,Port Maubert Digue,2
300031352,Paris | 163 boulevard Brune SE-NO,1
300031355,Bordeaux | Totem,1
300031356,Paris | 24 boulevard Jourdan E-O,1
300031359,Paris | 27 boulevard Davout N-S,1
300031360,Voie verte - Parking cinéma,2
300031362,Paris | 42 boulevard Soult,1
300031363,Paris | 51 boulevard du Général Martial Valin SE-NO,1
300031364,Paris | 56 boulevard Kellermann E-O,1
300031365,Paris | 72 boulevard Brune NO-SE,1
300031366,Paris | 77 boulevard Masséna,1
300031367,Paris | 81 boulevard Mortier,1
300031368,Paris | 9 boulevard Jourdan O-E,1
300031369,Paris | 98 boulevard Poniatowski,1
300031370,Paris | Face au 49 boulevard du Général Martial Valin,1
300031386,Saint Léonard des Bois,3
300031393,V44 Multi fille,3
300031407,Le Cheylard Eyrieux,2
300031688,Voie Verte Le Vaudreuil,3
300031689,Voie Verte les Damps rte Eure,2
300031690,Voie Verte Louviers Canal,2
300031691,Voie Verte SEV Metairie,3
300031875,Mimizan Papeterie,2
300031879,Arandon,2
300031880,Dizimieu,3
300031881,Vernas,2
300032000,"Etang de Mateille, Gruissan",2
300032097,Noeveillard / Juin,0
300032099,voie verte gare Pornic,0
300032101,La Plaine - voie verte,3
300032102,Moulin Berland,3
300032673,Cordemais,3
300032690,VV COUTENS,3
300032896,Piste cyclable Av. Jean Moulin,0
300032957,Honfleur - Bassin des chasses,2
300032964,Cuis - Eglise,2
300032967,Le Mesnil-sur-Oger - Aire de loisirs des Patis,1
300032968,Magenta - Bord de Marne,2
300033248,Bonneau-Buzançais,3
300033249,Chatillon-Sur-Indre,2
300033250,Nohant-Vic,2
300033251,Pont Gütersloh - Châteauroux,3
300033256,Azay-le-Rideau Marnay,2
300033257,Veigné,3
300033752,Ferriere En Bray,2
300033789,Carpentras sud P/V (Venaissia),2
300033969,76260 Eu,3
300033970,76260 Saint-Rémy-Boscrocourt,3
300034321,Carrefour Parc des Expositions,1
300034326,HEROUVILLE SAINT CLAIR – RD60/RD401,1
300034838,Vallée du Coran St Césaire (impasse de la Montée verte),3
300034914,Barthelasse P/V (EV17 Avignon),2
300034915,Cheval Blanc (Autour Luberon),2
300034916,Pernes les Fontaines P/V (Venaissia),2
300034917,Velleron (Via Venaissia),2
300035376,V MARITIME (Etretat RD11),0
300035578,AVVLP (Dieppe),0
300035699,V MARITIME ( Tréport RD126),2
300035701,V MARITIME (Dieppe RD75),2
300035702,V MARITIME (Fécamp chemin des falaises),2
300035704,V MARITIME (Fécamp RD79),2
300035705,V MARITIME (RD 113 entre Belleville/Mer - Braquemont),2
300035706,V MARITIME PN12 (Froberville),0
300035708,VRLIN PN45 (Bosville),3
300035710,VRLIN PN51 (Cany Barville),3
300035711,VRLIN PN63 (Valmont),2
300035712,VRLIN PN82 (Fécamp),2
300036204,Lyon 6_Pont de Lattre de Tassigny,1
300036205,Lyon 2_Pont de la Mulatière,1
300036206,Lyon 6_Grande Bretagne,1
300036207,Lyon 7_Raoul Servant,1
300036208,Lyon 7_Leclerc,1
300036253,Chaumont sur Loire,2
300036256,Lac de Loire,2
300036352,EV8 Flayosc,3
300036353,EV8 Ponteves,2
300036354,EV8 Seillans,3
300036355,EV8 Varages,2
300036356,V65 Rayol (Malpagne),2
300036428,ViaRhôna Barrage Sauveterre,2
300036429,Jonquières P/V (Venaissia),2
300036582,Lyon 3_Saxe,1
300036616,RD10 Les Odiberts,2
300036621,fresnes sur escaut,3
300036622,vieux conde,2
300036625,Merignies vélo,3
300036626,Thumeries vélo,3
300036627,Cappelle en Pévèle,3
300036628,"Abscon, accès Rue du 11 Novembre",3
300036630,Marchiennes,3
300036631,Beuvry la Forêt,3
300036632,Orchies vélo,3
300036915,Saint Denis-sur-Sarthon,3
300036918,Montpellier | Rue du Mas Nouguier,1
300036919,Montpellier | Route de Nîmes,1
300036920,Montpellier | Clos l'armet,1
300036922,Montpellier | Colonel Pavelet,1
300036923,Montpellier | Cournonsec,3
300036926,Montpellier | Rue du Faubourg Figuerolles,1
300036927,Montpellier | Rue Gerhardt,1
300036928,Montpellier | Rue FJ Gossec,1
300036929,Montpellier | Av Jean Mermoz,1
300036932,Montpellier | Avenue George Frêche vers Montpellier,1
300036934,Montpellier | Avenue de Lodève,1
300036937,Montpellier | Chemin des Lèques,0
300036967,Montpellier | Lattes - Mas de Gau,0
300036970,Montpellier | Montferrier D17 vers Montpellier,1
300036971,Montpellier | Av du Père Soulas,1
300036972,Montpellier | Bd Renouvier,1
300036975,Montpellier | Av Vincent Auriol - Plan des 4 seigneurs,1
300036981,Montpellier | Bd Vieussens,1
300036985,Montpellier | Av François Delmas,1
300036990,Montpellier | Av de la Pompignane,1
300036991,Montpellier | 40 Rue du Faubourg Saint Jaumes,1
300036992,Montpellier | 14 Rue du du Faubourg Saint Jaumes,1
300036996,Montpellier | Av Georges Frêche,1
300037561,La faille,3
300037563,Mireval,3
300037779,Erstein,1
300037879,CD66 | Cases-de-Pêne,0
300037910,Belvédère,3
300037984,TOTEM Rue Jeanne d'Arc,1
300037985,Rue Jeanne d'Arc,1
300037986,Thermal (Avenue du Maréchal Juin),1
300038168,Maindreville,3
300038380,Passerelle d'Olivet,1
300038381,Passerelle de la Hartière,1
300038384,Piste Av. Jean ZAY Est,1
300038385,Piste Av. Jean ZAY Ouest,1
300038386,Piste Rte d'Orléans,1
300038387,Pont Cotelle bande cyclable,1
300038388,Pont Cotelle piste mixte Ouest,1
300038390,Pont de l'EUROPE Est,1
300038391,Pont de l'EUROPE Ouest,0
300038392,Pont George V (Chaussée Est),0
300038393,Pont George V (Piste cyclable),1
300038394,Pont St NICOLAS,0
300038395,Pont Thinat,1
300038396,Recherche Scientifique,1
300038397,Bois de l'Ile,3
300038398,PDL-Montjoie Nouvelle entrée Est,3
300038451,Eco 00 - Quai du Havre ROUEN,1
300038452,Eco 01 - Avenue Jean Rondeaux ROUEN,1
300038454,Eco 02 - Chemin du Halage SOTTEVILLE,1
300038455,Eco 03 - Pont Boieldieu ROUEN,1
300038457,Eco 04 - Zénith GRAND QUEVILLY,0
300038458,Eco 05 - Rue Boucicault MONT ST AIGNAN,1
300038459,Eco 06 - Rue de la Prevotiere BOIS GUILLAUME,0
300038460,Eco 07 - Sente des Forrieres BOIS GUILLAUME,3
300038461,Eco 08 - Avenue de l'Europe MONT ST AIGNAN,1
300038462,Eco 09 - Avenue des Canadiens GRAND QUEVILLY,0
300038463,Eco 10 - Pont Guillaume Nord ROUEN,1
300038464,Eco 11 - Rue Petites Eaux du Robec ROUEN,1
300038465,Eco 12 - Rue de la Foret VAL DE LA HAYE,2
300038466,Eco 13 - Route de Lyons La Forêt ROUEN,1
300038467,Eco 14 - Quai Pre Aux Loups AMFREVILLE,0
300038468,Eco 15 - Chemin du Halage ELBEUF,3
300038470,Eco 17 - Boulevard Gambetta ROUEN,1
300038471,Eco 18 - Avenue Jacques Cartier ROUEN,1
300038472,Eco 19 - Bords de Seine SAHURS,3
300038473,Eco 20 - Rue Clarin Mustad DUCLAIR,3
300038474,Eco 21 - Rue Grand Pont ROUEN,1
300038475,Eco 22 - Rte de Paris FRANQUEVILLE,1
300038476,Eco 23 - Pont Jeanne d'Arc ROUEN,1
300038477,Eco 24 - Pont Corneille ROUEN,1
300038478,Eco 25 - Rue d'Elbeuf ROUEN,1
300038479,Eco 26 - Avenue Pasteur ROUEN,1
300038480,Eco 27 - Blvd de l'Europe ROUEN,1
300038481,Eco 28 - Pont Jaurès ELBEUF,1
300038697,Pont de Witry Est,0
300038698,Pont de Witry Ouest,1
300038734,Display - Voie verte,3
300038735,Thivras,3
300038830,Île Madame,2
300039525,Etrelles,3
300039582,4026 Av de Stalingrad S2 bagnolet,1
300039583,4026 Av Stalingrad S1 Bagnolet,1
300039584,4027  rd 115 H Barbusse S1 Bobigny,1
300039585,4027  rd 115 H Barbusse S2 Bobigny,1
300039586,Rosny-sous-Bois,1
300039651,EPAGNY-METZ-TESSY Hameau de Gillon,0
300039671,Attigny,3
300039672,Biermes,3
300039673,La Cassine,3
300039674,Vouziers,2
300039695,EV3-01 Martillac,3
300039696,RD 806 01 Benquet,3
300039735,66 Avenue du Drapeau,1
300039737,Avenue de l'Université,1
300039738,Avenue Rolland Carraz dir. Dijon,1
300039739,Avenue Rolland Carraz dir. Sud,1
300039740,Canal de Bourgogne,1
300039741,Route d'Ahuy entrant dans Dijon,3
300039742,Route d'Ahuy sortant de Dijon,0
300039743,Route de Dijon,1
300039744,Saint Apollinaire,1
300039756,Route de l'Estuaire,3
300039757,Avenue Amiral du Chillou,0
300039758,Avenue Christophe Colomb,3
300039789,Leucate,2
300039957,Chahains Carrouges,2
300040027,Lyon 5_Montée de Choulans,1
300040029,Lyon 4_Quai Joseph Gillet,0
300040063,Eco 29 - Avenue Mont Riboudet ROUEN,1
300040089,Caluire_Pont Ile Barbe rive gauche,1
300040488,39 rue Lanfranc Caen,1
300040606,CD66 | Pirinexus/Reynès,2
300040609,CD66 | Agouille de la Mar/Saint-Cyprien,3
300040625,Lyon 6_Passerelle de la Paix,1
300040627,Lyon 2_Quai Rambaud_Radar,1
300040714,Obernai porte swal,0
300040843,Metz Tessy Piste cyclable D908b,0
300040845,Route des creuses Chavanod,0
300040870,10 - Thorey en plaine,3
300040877,VV Salles-d'Aude - Coursan,0
300040972,Andilly Bel Air,3
300040973,Le Gué St Sauveur,0
300041908,Bordeaux | Boulevard Albert 1e,1
300041950,(Crolles) Rue de l’Europe,1
300041951,(Grenoble) Rue du Vercors,1
300041952,(Le Versoud) Voie Verte - V64,0
300041953,(Moirans) Avenue Joseph Trabbia,0
300041954,(Moirans) V63 - Berges Isère,0
300041955,(Montbonnot) Avenue de l’Europe,1
300041956,(Saint Martin d'Heres) Rue Saint Just,1
300041957,(St Egrève) Zone Artisanale,1
300041958,(Tencin) Chemin des îles,3
300041959,(Voiron) Gare - Rue Alfred Thimmesch,3
300041960,(Voreppe) Avenue du 11 novembre,1
300042024,Bordeaux | Rue Jean Renaud Dandicolle,1
300042026,Bordeaux | Av Colonel Pierre Bourgoin,1
300042029,Bordeaux | 199 Blv Roosevelt vers Blv Albert 1er,1
300042031,Bordeaux | Mairie de Cenon,1
300042423,Multi vélo piéton Île D’Aix,0
300043171,Jassans-Riottier,3
300043172,Jassans-Riottier 2,3
300043457,Vallée Bleue Nord,2
300043458,Vallée Bleue Sud,2
300043459,Cremieu,3
300043460,Morestel,2
300043668,Neaufles-Saint-Martin,2
300043669,Fontaine-Labbé,3
300043670,Garennes-sur-Eure,3
300043671,Pont-Saint-Pierre,3
300043756,Wormhout D17 Esquelbeccq,1
300043757,"Orchies Coutiches, 2024, Piste cyclable Chemin ""Jean Le Maire""",0
300044136,Colombelles : franchissement Orne,1
300046383,Pont de Moulins,3
300046384,Pont Eblé,2
300046636,Imling,1
300046909,rd98 route des dolines,0
300047740,Contournement Ouest de Caudry - 1016,3
300048739,Audenge Hougueyra,1
300048775,Camping Audenge - Route de Bordeaux,0
300048874,hougueyra,2
300049398,Velocean Guerande,2
300049652,8 Pont de Vesle Zelt 3 boucles SD,1
300049653,1 Place Aristide Briand,1
300049654,12 Place Aristide Briand,1
300049655,15B Coulée Verte (Allée des Tilleuls),2
300049656,17A Avenue de Champagne N51,1
300049657,17B Avenue de Champagne N51,1
300049658,4 Place Aristide Briand,1
300049659,5 Pont Fléchambaut vers  Pont (Rue Du Chatelet),1
300049660,5 Pont Fléchambaut vers Esplanade,0
300049661,8 Pont de Vesle 6 boucles HD,1
300049662,8 Pont de Vesle SD 2 boucles,1
300050123,Bressuire nord V93,3
300050126,Chatillon V93,3
300050137,Terves V93,0
300050138,V93 Nueil les aubiers,3
300050139,V93-Mauleon,3
300050177,CD66 | Saleilles - Cabestany (RD22),3
300050179,CD66 | Forêt de la Matte (les Angles),2
300051370,Hautvillers,2
300051371,Soulanges,2
300061284,SORGUES,3
300061285,Sorgues passerelle,2
300063983,CAQ24040046,2
300065642,Champouland,0
300065644,Chemin des Donchères VAULX MILIEU,1
300065645,Pont Saint-Germain,3
300065647,VV Bourbre BJ,0
300065648,VV Bourbre IDA,3
300065649,VV RD1006 Bourgoin Jallieu,0
